iv1_label,claude-sonnet-4.6,deepseek-v3.2,gemini-3-flash-preview,gpt-5.3-chat
Control,2.1785087719298244,2.081578947368421,1.8951754385964912,2.9293859649122806
Warm,1.9473684210526316,1.850438596491228,1.6206140350877194,2.724122807017544
Emotional,1.6543859649122807,1.262280701754386,1.175877192982456,2.0605263157894735
Hostile,1.8991228070175439,2.1153508771929825,2.1780701754385965,2.962280701754386
Logical,2.244298245614035,2.055701754385965,1.9859649122807017,2.9570175438596493
