iv1_label,claude-sonnet-4.6,deepseek-v3.2,gemini-3-flash-preview,gpt-5.3-chat
Control,1.6894736842105262,2.2912280701754386,2.3666666666666667,1.818859649122807
Warm,1.6385964912280702,2.442982456140351,2.591666666666667,1.957017543859649
Emotional,2.0157894736842104,2.8526315789473684,2.8890350877192983,2.225
Hostile,1.8004385964912282,2.1969298245614035,2.1855263157894735,1.6736842105263159
Logical,1.4807017543859649,2.2666666666666666,2.29780701754386,1.6798245614035088
