iv1_label,claude-sonnet-4.6,deepseek-v3.2,gemini-3-flash-preview,gpt-5.3-chat
Control,2.2964912280701753,1.9346491228070175,1.7741228070175439,2.7162280701754384
Warm,2.1390350877192983,1.718859649122807,1.5342105263157895,2.4337719298245615
Emotional,1.8978070175438597,1.2285087719298247,1.150438596491228,2.043859649122807
Hostile,2.013157894736842,1.981140350877193,1.9657894736842105,2.825
Logical,2.306140350877193,1.9114035087719299,1.8004385964912282,2.6855263157894735
