dimension,H,p_omnibus,sig,mean_Control,mean_Warm,mean_Emotional,mean_Hostile,mean_Logical
correction,769.7533654201867,2.7329332351445153e-165,***,2.1803728070175437,1.956469298245614,1.5801535087719298,2.196271929824561,2.175877192982456
rebuttal,1165.4617775734905,4.891062815296841e-251,***,2.271162280701754,2.035635964912281,1.5382675438596491,2.288706140350877,2.310745614035088
agreeableness,697.7442637612633,1.0731676823128552e-149,***,2.0415570175438598,2.157565789473684,2.495614035087719,1.9641447368421052,1.93125
