dimension,H,p_omnibus,mean_claude-sonnet-4.6,mean_deepseek-v3.2,mean_gemini-3-flash-preview,mean_gpt-5.3-chat
correction,1730.8570926074035,0.0,2.130526315789474,1.7549122807017543,1.645,2.5408771929824563
rebuttal,1868.118790739952,0.0,1.9847368421052631,1.8730701754385966,1.771140350877193,2.7266666666666666
agreeableness,1822.7113051375065,0.0,1.725,2.4100877192982457,2.466140350877193,1.8708771929824561
