a,b,n_a,n_b,median_a,median_b,U,p,p_bonf,r_rb,sig
claude-sonnet-4.6,deepseek-v3.2,1425,1425,2.125,1.625,1437414.5,1.2129567953370128e-82,7.277740772022076e-82,-0.41573604185903346,***
claude-sonnet-4.6,gemini-3-flash-preview,1425,1425,2.125,1.5,1547901.0,1.8334428622952448e-130,1.1000657173771468e-129,-0.5245562326869806,***
claude-sonnet-4.6,gpt-5.3-chat,1425,1425,2.125,2.625,491839.0,1.2734089218342182e-126,7.64045353100531e-126,0.515578701138812,***
deepseek-v3.2,gemini-3-flash-preview,1425,1425,1.625,1.5,1126500.0,3.7309158741457546e-07,2.2385495244874525e-06,-0.10951061865189282,***
deepseek-v3.2,gpt-5.3-chat,1425,1425,1.625,2.625,360343.5,3.215282181954369e-197,1.9291693091726214e-196,0.6450910433979686,***
gemini-3-flash-preview,gpt-5.3-chat,1425,1425,1.5,2.625,285234.0,2.3210547012098415e-244,1.392632820725905e-243,0.7190677746999077,***
