a,b,n_a,n_b,median_a,median_b,U,p,p_bonf,r_rb,sig
claude-sonnet-4.6,deepseek-v3.2,1425,1425,1.75,2.625,342121.0,3.869506875992242e-207,2.3217041255953453e-206,0.6630387196060326,***
claude-sonnet-4.6,gemini-3-flash-preview,1425,1425,1.75,2.625,320062.0,6.708437768883291e-221,4.025062661329975e-220,0.6847650353955064,***
claude-sonnet-4.6,gpt-5.3-chat,1425,1425,1.75,2.0,772258.0,6.409418789279851e-29,3.8456512735679107e-28,0.23938885811018773,***
deepseek-v3.2,gemini-3-flash-preview,1425,1425,2.625,2.625,915496.0,4.714607042035383e-06,2.8287642252212298e-05,0.09831111111111113,***
deepseek-v3.2,gpt-5.3-chat,1425,1425,2.625,2.0,1606622.5,1.5849204719846176e-161,9.509522831907705e-161,-0.5823921206525084,***
gemini-3-flash-preview,gpt-5.3-chat,1425,1425,2.625,2.0,1655958.0,3.5127702523471657e-189,2.1076621514082995e-188,-0.6309835641735919,***
