dimension,n_units_informative,n_units_total,alpha_ordinal
correction,4800,4800,0.7640260008509068
rebuttal,4800,4800,0.7640819099532276
agreeableness,4800,4800,0.8790593851347177
