pair,dimension,factor,headline_offset,per_level_min,per_level_max,per_level_sd,kruskal_p,n_levels,constant_offset_ok
GPT-4.1-mini − GPT-5.4-mini,correction,iv1,0.305625,0.12395833333333334,0.39895833333333336,0.10810924339271108,2.141242910539812e-35,5,False
GPT-4.1-mini − GPT-5.4-mini,rebuttal,iv1,0.378125,0.19479166666666667,0.4510416666666667,0.10501735967607134,4.6302849414078644e-27,5,False
GPT-4.1-mini − GPT-5.4-mini,agreeableness,iv1,0.06208333333333333,-0.010416666666666666,0.259375,0.11181941123600442,5.6713981811118536e-58,5,False
GPT-4.1-mini − GPT-5.4,correction,iv1,0.36916666666666664,0.178125,0.4739583333333333,0.12015253615485794,1.2887612256726962e-41,5,False
GPT-4.1-mini − GPT-5.4,rebuttal,iv1,0.3358333333333333,0.215625,0.39479166666666665,0.0730935354908733,1.1802290672929198e-11,5,True
GPT-4.1-mini − GPT-5.4,agreeableness,iv1,0.04,-0.009375,0.159375,0.07106884866099913,1.1886597995114584e-28,5,True
GPT-5.4-mini − GPT-5.4,correction,iv1,0.06354166666666666,0.035416666666666666,0.09895833333333333,0.024250930680880863,0.002940191410790972,5,True
GPT-5.4-mini − GPT-5.4,rebuttal,iv1,-0.042291666666666665,-0.06770833333333333,0.020833333333333332,0.036006124093301436,2.432664019977303e-08,5,True
GPT-5.4-mini − GPT-5.4,agreeableness,iv1,-0.022083333333333333,-0.1,0.011458333333333333,0.04469709007431145,1.5431787194282861e-10,5,True
