pair,dimension,factor,headline_offset,per_level_min,per_level_max,per_level_sd,kruskal_p,n_levels,constant_offset_ok
GPT-4.1-mini − GPT-5.4-mini,correction,target_model,0.305625,0.185,0.4508333333333333,0.10958544569151236,4.458206674638537e-34,4,False
GPT-4.1-mini − GPT-5.4-mini,rebuttal,target_model,0.378125,0.21833333333333332,0.46166666666666667,0.10963824141913935,1.137421496304972e-28,4,False
GPT-4.1-mini − GPT-5.4-mini,agreeableness,target_model,0.06208333333333333,0.0125,0.13083333333333333,0.0593541630104129,2.1218004389768026e-15,4,True
GPT-4.1-mini − GPT-5.4,correction,target_model,0.36916666666666664,0.25083333333333335,0.565,0.13624766392832546,1.0988868518462056e-52,4,False
GPT-4.1-mini − GPT-5.4,rebuttal,target_model,0.3358333333333333,0.1725,0.4483333333333333,0.11704897677025188,5.4216165198084675e-31,4,False
GPT-4.1-mini − GPT-5.4,agreeableness,target_model,0.04,0.010833333333333334,0.09083333333333334,0.03562926387738659,7.941749525957979e-07,4,True
GPT-5.4-mini − GPT-5.4,correction,target_model,0.06354166666666666,0.030833333333333334,0.11416666666666667,0.03672580458236718,2.721555016708958e-09,4,True
GPT-5.4-mini − GPT-5.4,rebuttal,target_model,-0.042291666666666665,-0.08833333333333333,-0.013333333333333334,0.0336469620553707,3.362832318115316e-08,4,True
GPT-5.4-mini − GPT-5.4,agreeableness,target_model,-0.022083333333333333,-0.07166666666666667,0.025,0.04247820792062853,2.51822056793327e-09,4,True
