pair,dimension,factor,headline_offset,per_level_min,per_level_max,per_level_sd,kruskal_p,n_levels,constant_offset_ok
GPT-4.1-mini − GPT-5.4-mini,correction,turn,0.305625,0.20166666666666666,0.425,0.08331874872373499,1.7276554409766638e-19,8,True
GPT-4.1-mini − GPT-5.4-mini,rebuttal,turn,0.378125,0.27666666666666667,0.5016666666666667,0.09219302344227881,2.821704585466023e-20,8,True
GPT-4.1-mini − GPT-5.4-mini,agreeableness,turn,0.06208333333333333,0.03166666666666667,0.09,0.01903943276465977,0.24594994841562665,8,True
GPT-4.1-mini − GPT-5.4,correction,turn,0.36916666666666664,0.255,0.5116666666666667,0.09844424737520137,1.544761702835242e-27,8,True
GPT-4.1-mini − GPT-5.4,rebuttal,turn,0.3358333333333333,0.235,0.43,0.07743404771824695,7.489759739224699e-13,8,True
GPT-4.1-mini − GPT-5.4,agreeableness,turn,0.04,-0.008333333333333333,0.06333333333333334,0.02648749330509215,0.003913979840661425,8,True
GPT-5.4-mini − GPT-5.4,correction,turn,0.06354166666666666,0.03833333333333333,0.08666666666666667,0.018114220932736798,0.09995249514718878,8,True
GPT-5.4-mini − GPT-5.4,rebuttal,turn,-0.042291666666666665,-0.07166666666666667,-0.011666666666666667,0.01953705270943979,0.03950895072870354,8,True
GPT-5.4-mini − GPT-5.4,agreeableness,turn,-0.022083333333333333,-0.056666666666666664,0.005,0.01857524380835101,0.23204183888169522,8,True
