pair,dimension,n,mean_offset,median_offset,ci95_lo,ci95_hi,wilcoxon_p
GPT-4.1-mini − GPT-5.4-mini,correction,4800,0.305625,0.0,0.0,0.0,3.580696610372305e-272
GPT-4.1-mini − GPT-5.4-mini,rebuttal,4800,0.378125,0.0,0.0,0.0,0.0
GPT-4.1-mini − GPT-5.4-mini,agreeableness,4800,0.06208333333333333,0.0,0.0,0.0,1.368729515580201e-23
GPT-4.1-mini − GPT-5.4,correction,4800,0.36916666666666664,0.0,0.0,0.0,0.0
GPT-4.1-mini − GPT-5.4,rebuttal,4800,0.3358333333333333,0.0,0.0,0.0,4.819509445515872e-277
GPT-4.1-mini − GPT-5.4,agreeableness,4800,0.04,0.0,0.0,0.0,3.1421863120813253e-13
GPT-5.4-mini − GPT-5.4,correction,4800,0.06354166666666666,0.0,0.0,0.0,1.188357240343299e-34
GPT-5.4-mini − GPT-5.4,rebuttal,4800,-0.042291666666666665,0.0,0.0,0.0,1.2276696975476518e-16
GPT-5.4-mini − GPT-5.4,agreeableness,4800,-0.022083333333333333,0.0,0.0,0.0,9.133366025144687e-05
