judge_a,judge_b,dimension,n,kappa_q,spearman_rho,exact,within_1,signed_diff,kappa_label
GPT-4.1-mini,GPT-5.4-mini,correction,4800,0.729685941443666,0.809576521157405,0.655625,0.9945833333333334,0.305625,substantial
GPT-4.1-mini,GPT-5.4-mini,rebuttal,4800,0.685334332271961,0.7830453317612409,0.635,0.9685416666666666,0.378125,substantial
GPT-4.1-mini,GPT-5.4-mini,agreeableness,4800,0.8657381823839201,0.8671997119561301,0.8197916666666667,0.9985416666666667,0.06208333333333333,almost perfect
GPT-4.1-mini,GPT-5.4,correction,4800,0.680968579392963,0.8002465766418484,0.6008333333333333,0.9941666666666666,0.36916666666666664,substantial
GPT-4.1-mini,GPT-5.4,rebuttal,4800,0.7220191077493876,0.7949447885479791,0.68375,0.965,0.3358333333333333,substantial
GPT-4.1-mini,GPT-5.4,agreeableness,4800,0.8896516341310358,0.8901513486712717,0.8566666666666667,0.9995833333333334,0.04,almost perfect
GPT-5.4-mini,GPT-5.4,correction,4800,0.8713478398895719,0.8856693295484259,0.8758333333333334,0.9985416666666667,0.06354166666666666,almost perfect
GPT-5.4-mini,GPT-5.4,rebuttal,4800,0.9009817388743468,0.9133805035766587,0.8772916666666667,0.9991666666666666,-0.042291666666666665,almost perfect
GPT-5.4-mini,GPT-5.4,agreeableness,4800,0.8861395302660985,0.8873420419003281,0.8477083333333333,0.9997916666666666,-0.022083333333333333,almost perfect
